gene,p_val,avg_log2FC,pct1,pct2,p_val_adj,Class,gene_clean
HSPA6,0,2.70896443579351,0.405,0.003,0.0,C,HSPA6
PRSS21.3,6.9949884907481e-234,0.992390542597834,0.687,49,1.50065069140705e-242,C,PRSS21
LGALS1.3,9.51346215612447e-200,1.52865587384528,0.926,0.414,2.30282864951149e-195,C,LGALS1
RPS27.2,3.07885372466518e-191,-0.758856056934937,1,1,7.45267332592452e-187,C,RPS27
FTH1.2,4.45784661807475e-184,-1.31559053615004,1,1,1.07906635237117e-179,C,FTH1
MT-ND3.2,8.85271969699362e-171,-0.878325051819665,1,1,2.4288932985428e-153,C,MT-ND3
CD33.2,2.36220251596171e-152,0.750791698385574,0.819,0.35,5.71794741013691e-148,C,CD33
ANXA2.2,5.85068135903078e-150,0.812385318747238,0.769,0.297,1.41621592976699e-145,C,ANXA2
RPL34.3,6.27630324819596e-147,-0.662237316176484,1,1,1.51924196425832e-142,C,RPL34
RPL39.3,2.3627376738215e-143,-0.691301637369909,1,1,5.71924281325232e-139,C,RPL39
RPL8,1.8487664097055e-141,0.330783306673253,1,1,4.47512397133314e-137,C,RPL8
PLP2.2,3.88912699353578e-134,0.844105734485977,0.968,0.714,9.41402080055271e-130,C,PLP2
CD48,2.77250919554972e-132,0.537402929585896,0.548,58,6.71113575874765e-128,C,CD48
TRGC1,1.42576895645492e-131,0.370014983211764,0.312,0.05,3.45121633599479e-127,C,TRGC1
RPL35A.2,1.7870228357295e-113,-0.497615813987526,1,1,2.85316674761669e-122,C,RPL35A
PDLIM1.3,4.96504581139445e-126,0.739933402067605,0.894,0.488,1.20183898910614e-121,C,PDLIM1
RPL37.2,6.51662143906977e-123,-0.570812151670681,1,1,1.57741338554123e-118,C,RPL37
CRHBP.2,6.66020603209086e-120,-1.38329315971822,0.084,0.606,1.61216947212791e-115,C,CRHBP
RPS29.2,5.94082669871605e-119,-0.684927286044483,0.982,0.994,1.43803651069121e-114,C,RPS29
IL1RAP,5.2371389315848e-114,0.469651459934262,0.477,33,1.26770184977942e-109,C,IL1RAP
LY6E.3,5.92570278590948e-113,0.729942263833413,0.977,0.877,1.43437561635725e-108,C,LY6E
CD38,2.49555142936468e-112,0.87056234477714,0.765,0.394,6.04073178992015e-108,C,CD38
SELL.3,3.77569430147382e-125,-10806429416375.0,0.819,0.923,9.3944562614752e-108,C,SELL
H3F3B.2,2.59618984677042e-111,-0.981172208799285,0.997,1,6.28433714309247e-107,C,H3F3B
RPL37A.2,1.26698877835174e-110,-0.566173588380615,1,1,3.06687303687823e-106,C,RPL37A
CCL3L1,9.92056210596393e-107,0.42237584581038,69,0.016,2.40137126336963e-102,C,CCL3L1
SMYD3,1.4855689713115e-105,0.80670535719423,0.802,0.447,3.59596825195662e-101,C,SMYD3
RPLP0,3.40446493060355e-105,0.264803226325614,1,1,8.24084781101895e-101,C,RPLP0
OAZ1,1.61319465981886e-103,0.506187540301317,0.998,0.995,3.90489899355752e-99,C,OAZ1
ARPC2,4.7675489530676e-88,0.579669452044274,0.997,0.981,1.01102528995795e-96,C,ARPC2
ADM,1.05886589412582e-100,0.330628844061866,71,0.018,2.56309078332095e-96,C,ADM
CORO1A,2.47107823041593e-99,0.670163054061052,0.982,0.829,5.98149196454479e-95,C,CORO1A
ADGRG5,6.49417340134606e-99,0.383348444774145,0.508,59,1.57197961352983e-94,C,ADGRG5
CLEC12A,9.3563519392858e-86,0.414034668625893,0.374,0.094,2.21137185504235e-94,C,CLEC12A
IDH1,1.6732256346664e-85,0.593195462532282,0.638,0.267,2.82562099712734e-94,C,IDH1
PRSS57.2,1.51026459812757e-97,0.564174343063569,0.998,0.978,3.6557464862276e-93,C,PRSS57
SNAI3,1.05334726721705e-96,0.315813872539149,0.325,0.072,2.5497323950256e-92,C,SNAI3
CTSA,2.63611684299997e-94,0.923208119568589,0.801,0.5,6.38098443016572e-90,C,CTSA
TUBA1A.2,1.3944103009411e-80,-12620624579958.0,0.856,0.969,2.75813095744581e-89,C,TUBA1A
RPS28.2,1.61533076537591e-93,-0.509765909967808,1,1,3.91006965066892e-89,C,RPS28
S100Z,2.96475576151361e-106,0.519503451108136,0.472,4,7.7648779631984e-89,C,S100Z
ITM2B.2,3.37156427880716e-103,-0.754831317723082,0.719,0.896,8.6120849328062e-86,C,ITM2B
ACTA2.2,5.49618586823339e-90,0.650619106602897,0.591,0.236,1.33040675126457e-85,C,ACTA2
RPS21.2,5.4325826534851e-89,-0.509916051961557,1,1,1.3150109571026e-84,C,RPS21
MT-ATP8.2,3.2108623260243e-88,-0.949688871605361,0.96,0.956,7.77221334637442e-84,C,MT-ATP8
RPL38.2,3.47505553346611e-88,-0.570103555981143,0.978,0.996,8.41171942430808e-84,C,RPL38
ITM2A,1.0184118608945e-87,0.81366758348034,0.938,0.72,2.46516775048123e-83,C,ITM2A
PCBP2,8.06125643744325e-87,-0.482160726968182,0.997,1,1.95130773324751e-82,C,PCBP2
SPINK2.2,1.0024023122579e-70,-0.712205791438237,0.901,0.954,2.66324150370515e-79,C,SPINK2
CD7.2,7.99054833308341e-83,0.768839859858394,0.628,0.276,1.93419212950617e-78,C,CD7
CFL1,2.07741202971672e-82,0.426779311609589,1,0.999,5.0285835591323e-78,C,CFL1
PPIA,9.91888625075724e-81,0.398361324646658,1,1,2.4009656058583e-76,C,PPIA
FOS.2,1.55275806019627e-78,-1.57084970045124,0.817,0.965,3.7586061605111e-74,C,FOS
TNFRSF4,1.32609227013339e-77,0.493142968584008,0.29,0.07,3.20993894908488e-73,C,TNFRSF4
SRSF5,3.05181238453463e-77,-0.540877849116051,0.948,0.993,7.38721705800452e-73,C,SRSF5
SUCNR1,2.71053682864298e-76,0.294571098527396,0.228,0.045,6.56112544741321e-72,C,SUCNR1
ITGB2,3.02787152703893e-76,0.606122383572737,0.889,0.62,7.32926581835044e-72,C,ITGB2
TYROBP.2,3.6015262072198e-63,0.872642795298612,0.791,0.45,7.64946543371962e-72,C,TYROBP
ZFAS1.2,2.69835265916993e-75,-0.588224747581531,0.99,0.999,6.53163244678673e-71,C,ZFAS1
SERP1,3.68489090049637e-75,-0.515967250034626,0.951,0.983,8.91964691374152e-71,C,SERP1
TNFRSF18,2.30867822057496e-74,0.262175078841563,0.203,0.036,5.58838650072374e-70,C,TNFRSF18
RPL36.2,1.57301656170161e-73,-0.403574178263179,1,1,3.80764388925491e-69,C,RPL36
TOMM7,6.3684191846345e-60,-0.529241605105792,0.93,0.978,1.48548395478326e-68,C,TOMM7
UQCRFS1,7.42714519398934e-73,-0.55351789136428,0.653,0.887,1.79781476565706e-68,C,UQCRFS1
HSPE1,1.2017252862871e-72,0.891816741662526,0.96,0.866,2.90889622798655e-68,C,HSPE1
KIAA0087,1.3567235414539e-72,0.341378670366444,0.209,0.039,3.28408500444332e-68,C,KIAA0087
RPL41.2,3.70762462579721e-72,-0.330828784584384,1,1,8.97467616920473e-68,C,RPL41
PHPT1.2,7.1295448252317e-58,0.64343303988683,0.886,0.678,1.72176176203956e-66,C,PHPT1
MCL1.2,1.7041028805385e-56,-0.808263957290338,0.606,0.808,2.83309514326315e-65,C,MCL1
PYCARD,1.78068767902364e-69,0.524999334667491,0.968,0.849,4.31033259584462e-65,C,PYCARD
AC020916.3,7.09987633803909e-69,-0.988880981380239,0.231,0.572,1.71859606638574e-64,C,AC020916
DOK1,3.07456811296766e-68,0.392109239000216,0.605,0.269,7.44229957424952e-64,C,DOK1
H1F0,1.27631286043766e-67,-1.01041864981947,0.482,0.759,3.08944290997539e-63,C,H1F0
H2AFY.3,7.31821609677161e-67,0.804089734304595,0.997,0.985,1.77144738838454e-62,C,H2AFY
PARK7,3.67090930690763e-66,0.423283777140089,0.983,0.947,8.88580306830061e-62,C,PARK7
RPL36AL.3,7.28490243437901e-65,-0.477325151048353,0.972,0.992,1.76338348326578e-60,C,RPL36AL
PRDX1.2,1.51534415296054e-64,-0.615893516001061,0.953,0.986,3.66804205665627e-60,C,PRDX1
TPI1.2,1.97472423499405e-64,0.478889134133273,0.995,0.985,4.7800174832266e-60,C,TPI1
DUSP1.3,2.20900632059368e-64,-1.29977246243817,0.447,0.696,5.34712069962907e-60,C,DUSP1
KLF10.2,6.08587262325225e-64,-0.708816365139594,0.363,0.64,1.47314632718444e-59,C,KLF10
MYADM.2,6.28273662338294e-64,-0.844663447242275,0.675,0.849,1.52079922705608e-59,C,MYADM
TRG-AS1,2.209837842312e-63,0.296950948063579,0.265,0.07,5.34913348110042e-59,C,TRG-AS1
MECOM,1.45165059065886e-62,0.496125701178374,0.576,0.263,3.51386541974884e-58,C,MECOM
NFE2.2,2.74590776551892e-62,0.556181291916827,0.955,0.739,6.64674433721511e-58,C,NFE2
SELENOH,1.95760458352623e-61,0.397635747160057,0.997,0.977,4.7385776548836e-57,C,SELENOH
RPS2.2,2.28314889155621e-61,-0.701262885511219,1,0.999,5.52659020690097e-57,C,RPS2
HSP90AA1.2,1.95230119055774e-60,0.487439543498048,1,0.999,4.72574026186406e-56,C,HSP90AA1
IDS,4.2870375543132e-47,-0.699494704179895,0.556,0.766,9.99394031039705e-56,C,IDS
MT-ND4,4.59808128354652e-73,0.40079106455308,1,1,1.1301155549527e-55,C,MT-ND4
DNAJB1.3,2.62480048281259e-59,1.64358082756488,0.821,0.649,6.35359204869615e-55,C,DNAJB1
VAMP5,1.38913898500962e-58,-0.552854442591442,0.42,0.697,3.36254982711429e-54,C,VAMP5
MDK.2,5.98084573970626e-58,-0.794898524012426,0.454,0.718,1.4477235197533e-53,C,MDK
FDXR.2,6.96421895313223e-58,0.732260154777759,0.382,48,1.68575883979519e-53,C,FDXR
RPL30.2,8.29254734585841e-58,-0.277930021383096,1,1,2.00729401053849e-53,C,RPL30
CD36,5.26654934143373e-57,0.621965153892772,39,0.022,1.27482093358745e-52,C,CD36
VAMP8,5.27356476317472e-57,0.386258259094295,0.998,0.982,1.27651908657407e-52,C,VAMP8
HSPA1A.3,3.93857847497179e-56,2.29372250048489,0.724,0.614,9.53372305651672e-52,C,HSPA1A
SPATC1L,1.96817424881202e-55,0.387410386077359,0.59,0.295,4.76416258667437e-51,C,SPATC1L
PNRC1.2,5.56778409660888e-55,-0.864237237129991,0.566,0.751,1.34773781842514e-50,C,PNRC1
HSH2D,1.75625466718514e-54,0.573120655072613,0.96,0.781,4.25119004738836e-50,C,HSH2D
DNAJB4,1.99382130521519e-54,0.560864852469159,0.454,98,4.82624385140389e-50,C,DNAJB4
RPS6KA1,2.47734287681123e-53,0.330538035518385,0.625,0.313,5.99665616760925e-49,C,RPS6KA1
RPL31,3.40344138974021e-53,-0.313022057857038,1,1,8.23837022800514e-49,C,RPL31
PPP1CA,1.88968700229702e-52,0.43971729905822,0.963,0.856,4.57417635776016e-48,C,PPP1CA
PRDX5,3.41872362201147e-52,0.405275561389828,0.966,0.877,8.27536239944095e-48,C,PRDX5
CIRBP,3.64571324783986e-52,-0.42192391167799,0.988,0.997,8.82481348772116e-48,C,CIRBP
CAPG,5.22910622291554e-52,0.462483507108661,0.869,0.643,1.26575745231894e-47,C,CAPG
RPL22.2,9.81982694274654e-52,-0.262859020990874,1,1,2.37698730976123e-47,C,RPL22
ENO1,1.53426537005817e-51,0.374792015216264,1,0.996,3.71384275476281e-47,C,ENO1
ALDH1A1,2.22344300429707e-51,-0.59394749708023,0.37,0.651,5.38206613620149e-47,C,ALDH1A1
BEX1,5.65619536242047e-51,-0.760998489139571,0.067,0.375,1.3691386494275e-46,C,BEX1
PKMYT1.2,5.72098911706085e-51,0.483317430420971,0.32,16,1.38482262567575e-46,C,PKMYT1
NFKBIZ.2,5.86084502594293e-51,-14405813237738.0,0.446,0.668,1.41867614697975e-46,C,NFKBIZ
SEC11A.2,1.298991545983e-38,0.404661314585806,0.933,0.814,2.73503389362064e-46,C,SEC11A
SLC25A6,8.54025121880122e-50,0.349286747005212,1,0.998,2.06725321002302e-45,C,SLC25A6
DDB2.3,3.80642599846347e-49,0.835822584840856,0.534,0.287,9.21383477188066e-45,C,DDB2
RPL21.2,7.93322111565587e-49,-0.414790783062932,0.997,1,1.92031550325566e-44,C,RPL21
COMMD6.2,8.39117431474004e-49,-0.433649404666924,0.973,0.993,2.03116765462597e-44,C,COMMD6
SARAF,9.20287173281954e-49,-0.403993775890385,0.958,0.991,2.2276471316463e-44,C,SARAF
POMC,1.09069124185133e-48,0.342948610473752,0.353,35,2.64012722002532e-44,C,POMC
LAPTM4A.2,9.00885485408163e-60,-0.57704883780639,0.879,0.938,2.80683405979e-44,C,LAPTM4A
DNAJB6.2,2.44030261793894e-48,-0.550378828585676,0.801,0.881,5.90699651698299e-44,C,DNAJB6
PSMA7,9.89238293605026e-48,0.361497103520657,0.98,0.929,2.39455021350033e-43,C,PSMA7
HMGN1,1.04940326637298e-47,-0.45501938100725,0.881,0.952,2.54018554658245e-43,C,HMGN1
ZFP36.3,1.50400296019777e-47,-1.91673261281168,0.715,0.807,3.64058956545473e-43,C,ZFP36
IGLL1.3,1.31000237370686e-60,0.568497524254081,0.819,0.466,3.7099174579482e-43,C,IGLL1
PIDD1,1.58362286194812e-47,0.291092422139729,0.372,43,3.83331749963161e-43,C,PIDD1
PLAC8.2,3.69391312357673e-47,0.422317191476433,0.935,0.737,8.94148610692982e-43,C,PLAC8
NUDT1,4.08111787464978e-47,0.444129883045589,0.848,0.643,9.87875392737725e-43,C,NUDT1
S100A10.3,4.23083922989255e-47,0.566719954580755,0.757,0.485,1.02411694398779e-42,C,S100A10
FYB1,7.07599740173428e-47,0.384020646027136,0.367,47,1.7128159310638e-42,C,FYB1
INSIG1.2,3.2478141959821e-33,-0.588970288014211,0.253,0.514,7.56384590427942e-42,C,INSIG1
CDCA5.2,3.8299957687407e-33,0.335772530498217,0.322,16,7.70476877578138e-42,C,CDCA5
TAGLN2.3,4.4343682269526e-46,0.345983506995575,0.998,0.999,1.07338317301615e-41,C,TAGLN2
SYNGR1,5.27757241163626e-46,0.417209826583123,0.821,0.563,1.27748917796067e-41,C,SYNGR1
GTF2A2.3,5.70160256700422e-46,0.380630626364007,0.965,0.87,1.38012991736904e-41,C,GTF2A2
NUDT5,6.43144320036197e-46,0.376524807958797,0.799,0.535,1.55679514107962e-41,C,NUDT5
SPNS3,4.8522996542808e-59,0.458251043934236,0.735,0.412,1.7454765431521e-41,C,SPNS3
TALDO1,7.65333574038342e-46,0.320078099910035,1,0.997,1.85256644931721e-41,C,TALDO1
CCDC85B,3.09285446345167e-45,-0.489173183626187,0.501,0.683,7.48656351423111e-41,C,CCDC85B
LITAF,8.47914292963013e-45,0.467436957394038,0.744,0.487,2.05246133754627e-40,C,LITAF
DYNLL1.2,5.56954247605643e-44,0.440008494533126,0.975,0.883,1.34816345175422e-39,C,DYNLL1
GTSF1.3,7.08734272049706e-44,-0.451566007775132,0.027,0.29,1.71556217892352e-39,C,GTSF1
S100A11.3,7.4653622289772e-31,0.373074466696364,0.712,0.417,1.72989055811462e-39,C,S100A11
MAP3K8.3,1.75068066446307e-43,-0.976029270636714,0.374,0.582,4.23769761639931e-39,C,MAP3K8
TMED9,2.68274170216767e-43,0.379594810541781,0.936,0.789,6.49384456426706e-39,C,TMED9
NCF4.3,2.70159897380691e-43,0.395082618877242,0.93,0.736,6.53949047599701e-39,C,NCF4
NDUFS8,4.33216585411978e-43,0.348088306226734,0.936,0.804,1.04864406664823e-38,C,NDUFS8
PKM.3,4.4312341315145e-43,0.450664566806569,0.97,0.905,1.0726245338744e-38,C,PKM
ARL2,4.4857734163157e-43,0.308890819447975,0.601,0.322,1.08582631315338e-38,C,ARL2
TUBB6.2,5.76533861742438e-43,0.342891629357935,0.583,0.303,1.39555786573375e-38,C,TUBB6
RPS27L.2,1.37233584990618e-42,0.694114663371042,0.916,0.851,3.32187615828289e-38,C,RPS27L
FOSB.2,1.39358134070743e-42,-0.937851974764289,0.588,0.764,3.37330299331641e-38,C,FOSB
CENPM.3,1.37890276763775e-41,0.515553741495417,0.358,58,3.33777203934394e-37,C,CENPM
RALA.2,2.47389062034324e-41,0.353849237140311,0.871,0.617,5.98829963560286e-37,C,RALA
TRBC2,7.03743290410563e-41,0.388527574120982,0.846,0.556,1.70348100876781e-36,C,TRBC2
FARSA.2,1.95400003918746e-40,0.391366187711221,0.804,0.58,4.72985249485717e-36,C,FARSA
BAX.3,2.00913595699946e-40,0.710250369409411,0.817,0.652,4.86331449751288e-36,C,BAX
HIGD2A,4.20375445801531e-40,0.339613408589808,0.987,0.931,1.01756080410719e-35,C,HIGD2A
SNHG7.2,4.79250046927953e-52,-0.708156716731485,0.362,0.605,1.600726635938e-35,C,SNHG7
NFKBIA.2,6.89992825637169e-40,-0.810569450767969,0.477,0.671,1.67019663373733e-35,C,NFKBIA
TKT,1.01810760499761e-39,0.330669354377209,0.998,0.994,2.46443126865723e-35,C,TKT
HSPA1B.3,2.6487228906287e-26,0.996214931949268,0.663,0.464,5.24028986290557e-35,C,HSPA1B
GSTK1,2.9611026684892e-26,0.367772331113288,0.987,0.945,5.3159045119345e-35,C,GSTK1
BEX2,7.48323861675436e-39,-0.418024981970521,0.564,0.748,1.81139273957156e-34,C,BEX2
ANP32B,1.00175016912758e-38,-0.375090604542605,0.965,0.994,2.42483645939022e-34,C,ANP32B
PHB,2.61101439004939e-38,0.354274309809965,0.945,0.807,6.32022143255357e-34,C,PHB
HIST3H2A,3.00168175221292e-38,-0.434625992407143,0.229,0.491,7.2658708494066e-34,C,HIST3H2A
NPR3,3.33667542953706e-38,-0.43417915033388,0.471,0.679,8.0767565447374e-34,C,NPR3
MRPL28,3.9269334934571e-38,0.328033930214997,0.704,0.451,9.50553521426225e-34,C,MRPL28
LSP1.2,4.07723284590124e-38,0.352406092687307,0.96,0.829,9.86934982678855e-34,C,LSP1
TUFM,4.9772094417456e-25,0.34711300497952,0.97,0.924,1.01610033174689e-33,C,TUFM
SOD2.2,4.98783812362157e-38,-0.580972518656812,0.444,0.625,1.20735609620384e-33,C,SOD2
GPN3,6.48023668693065e-38,0.279525662670841,0.596,0.327,1.56860609243843e-33,C,GPN3
PADI4,6.70821690820514e-38,0.271704488837691,0.399,82,1.62379098480013e-33,C,PADI4
EIF6,1.07918877761887e-37,0.320740274920472,0.881,0.682,2.61228435510423e-33,C,EIF6
AVP.2,1.51979930214526e-37,-12479991263252.0,26,0.379,3.67882619077281e-33,C,AVP
ARPC3,1.90571232597852e-37,0.263480395496354,1,0.997,4.61296725626361e-33,C,ARPC3
UQCRC1,2.2524702487508e-37,0.366786278134305,0.906,0.781,5.45232948412619e-33,C,UQCRC1
TENT5A,3.3297097859173e-24,0.362457807975159,0.516,0.272,7.58366955077915e-33,C,TENT5A
JUNB.2,5.61783034257342e-37,-18195852143795.0,0.67,0.767,1.35985201272332e-32,C,JUNB
RAD51AP1.2,5.99677639347008e-37,0.289494588016848,0.333,43,1.45157969380337e-32,C,RAD51AP1
TWF2,6.05682049090051e-37,0.347443422896706,0.879,0.701,1.46611396802738e-32,C,TWF2
PSME2,1.0712117868269e-23,0.370736465474459,0.963,0.881,2.67989752511932e-32,C,PSME2
GSDMD.2,1.4996338099655e-23,0.326082374272465,0.799,0.562,2.78360136004025e-32,C,GSDMD
CTSC.2,1.8577180169693e-23,0.395585582736627,0.923,0.756,2.8702792231876e-32,C,CTSC
EREG.2,1.75294455608921e-36,-0.769743033940249,0.489,0.647,4.24317759246955e-32,C,EREG
EIF1,1.96566304513918e-36,-0.258522712678132,1,1,4.7580839670639e-32,C,EIF1
PCLAF,2.50895025008577e-36,0.336113447697725,0.343,59,6.07316497535762e-32,C,PCLAF
SERF2,2.90199535606875e-36,0.266506786626,1,0.999,7.02456995890003e-32,C,SERF2
YPEL5,3.01858389731898e-36,-0.473098077939019,0.621,0.757,7.30678418185032e-32,C,YPEL5
TK1.3,3.30546641785658e-36,0.543684460773678,0.337,46,8.00121201106364e-32,C,TK1
FSCN1.2,8.60331476103989e-36,0.351176186519668,0.839,0.632,2.08251837105732e-31,C,FSCN1
CST3,1.05024359251295e-35,-0.482295554092168,0.509,0.684,2.54221964003685e-31,C,CST3
B3GNTL1,8.98395436473871e-49,0.346413357840562,0.598,0.312,2.7465599352865e-31,C,B3GNTL1
TIMM17B,1.62830249567817e-35,0.326645804943615,0.737,0.501,3.94146902103858e-31,C,TIMM17B
NDUFS3,2.32114109077606e-35,0.364179046391447,0.889,0.73,5.61855412433252e-31,C,NDUFS3
RGS19.2,4.1286281639724e-22,0.341763743819589,0.797,0.54,9.95559573337117e-31,C,RGS19
TSC22D1.2,4.77286538929849e-48,-0.729277086362128,0.668,0.823,1.5531979613359e-30,C,TSC22D1
IKBIP,6.65234400400867e-35,0.304683088205788,0.516,0.287,1.61026638961034e-30,C,IKBIP
C12orf57.3,7.6151001341083e-35,-0.371305666020849,0.864,0.944,1.84331113846225e-30,C,C12orf57
AL034397.3,7.71895180407458e-35,0.484896022901899,0.516,0.294,1.86844947369429e-30,C,AL034397
TRAPPC1.2,8.51214104872814e-35,0.322663543933035,0.975,0.883,2.06044886225513e-30,C,TRAPPC1
DDIT3.3,8.62038284860349e-35,-0.670480762134431,0.337,0.538,2.08664987233296e-30,C,DDIT3
AREG.3,9.65575932940974e-35,-1.66731465760581,0.35,0.537,2.33727310327692e-30,C,AREG
CD200.3,1.09067828871699e-34,0.339314856021783,0.57,0.312,2.64009586566835e-30,C,CD200
IQGAP1,1.53056959984168e-34,0.286709757492083,0.575,0.321,3.70489677337677e-30,C,IQGAP1
LST1.3,3.40818171560871e-34,0.441348211396888,0.935,0.801,8.24984466080245e-30,C,LST1
CD79B,3.48756699257262e-34,0.316299184399859,0.566,0.324,8.44200466222128e-30,C,CD79B
AC011139.3,3.9522158759526e-34,-0.795060038204984,0,0.205,9.56673374933086e-30,C,AC011139
AMD1,4.01293564915669e-34,-0.435491624949514,0.735,0.849,9.71371203234869e-30,C,AMD1
LMNA,6.97413279014673e-34,-0.678843827658009,59,0.394,1.68815858318292e-29,C,LMNA
HSPH1.2,7.51933034084023e-34,0.334431542489591,0.667,0.4,1.82012910230379e-29,C,HSPH1
GADD45GIP1,7.94404894053808e-34,-0.400675495517378,0.499,0.653,1.92293648654665e-29,C,GADD45GIP1
IGHM.3,9.63043585606405e-34,0.254786613475912,0.625,0.352,2.33114330331886e-29,C,IGHM
TSC22D3.3,1.09119965079109e-33,-0.88528396865801,0.889,0.88,2.6413578747049e-29,C,TSC22D3
PTPN7.2,1.31038439124489e-46,0.406202962186553,0.772,0.506,3.7191645744739e-29,C,PTPN7
NR4A2,2.08987883134601e-33,-0.604062415865171,54,0.383,5.05876069915615e-29,C,NR4A2
MRPL4,3.21695521840005e-33,0.339392547750518,0.874,0.686,7.78696180165915e-29,C,MRPL4
HPGDS,3.96100602360635e-33,0.388695822795191,0.509,0.284,9.58801118074154e-29,C,HPGDS
HSPD1.2,4.20229732791974e-33,0.341943768084312,0.988,0.976,1.01720809119625e-28,C,HSPD1
SYPL1,4.69148785563323e-46,-0.446513909382595,0.891,0.949,1.3562155033458e-28,C,SYPL1
RNASET2,6.29168219862259e-33,-0.392667386759881,0.74,0.836,1.52296459299859e-28,C,RNASET2
SON,6.35955594906866e-33,-0.375596588417136,0.817,0.887,1.53939411303156e-28,C,SON
RPL17.2,6.47937168236857e-33,-0.330087255148294,0.968,0.974,1.56839670943414e-28,C,RPL17
EIF4EBP1,7.61630566728513e-33,0.418022062375996,0.843,0.691,1.84360294982304e-28,C,EIF4EBP1
CD164.3,8.73967110725609e-46,-0.620099148132303,0.869,0.907,2.1552478822241e-28,C,CD164
PSMB10,1.33791279589165e-32,0.331879420517005,0.93,0.794,3.23855171373532e-28,C,PSMB10
DDX5,3.69468415583286e-32,-0.326936534600728,0.988,0.997,8.94335246760902e-28,C,DDX5
TPM3.2,5.27043829702209e-32,0.276509544559658,0.992,0.982,1.27576229417717e-27,C,TPM3
ITPA,5.57810049588332e-32,0.318677969103611,0.755,0.541,1.35023500603352e-27,C,ITPA
ANXA5,5.82178205805149e-32,-0.329706119035335,6,0.332,1.40922056497194e-27,C,ANXA5
POLR2E,6.08338527973974e-32,0.3264725358222,0.915,0.801,1.4725442408138e-27,C,POLR2E
HLA-DPB1.3,7.24611385511015e-32,0.408696837724011,0.997,0.973,1.75399431976796e-27,C,HLA-DPB1
GOLPH3,7.46846670900852e-32,-0.355083599463785,0.335,0.532,1.8078170515826e-27,C,GOLPH3
MFSD10,9.8552315813745e-19,0.31837619499562,0.853,0.652,2.22344773565875e-27,C,MFSD10
WDR34.2,1.25918289524712e-31,0.375662669959898,0.462,0.267,3.04797811623518e-27,C,WDR34
BEX4,1.86204642494173e-31,-0.358588533676516,0.712,0.842,4.50726957621396e-27,C,BEX4
PCNA.3,1.8794526149143e-31,0.633385613850467,0.581,0.379,4.54940299966156e-27,C,PCNA
MRPL13,1.93227100458304e-31,0.299301770987866,0.71,0.484,4.6772551936937e-27,C,MRPL13
CFP,2.04889332589952e-31,0.269971672247573,0.469,0.244,4.95955118467237e-27,C,CFP
LAMTOR2,2.82756071416099e-31,0.310471675862604,0.807,0.611,6.84439346469808e-27,C,LAMTOR2
TCF4.2,3.25902536263434e-31,-0.431170089277645,0.395,0.571,7.88879679279268e-27,C,TCF4
MDH2,3.47060916705181e-31,0.288054691397881,0.96,0.925,8.40095654976561e-27,C,MDH2
ATP6V0E1.2,3.4836833991713e-31,0.352709041040909,0.886,0.73,8.43260403603405e-27,C,ATP6V0E1
NDUFV1,4.51037610768154e-31,0.31080052495714,0.943,0.832,1.09178164062539e-26,C,NDUFV1
IER2.3,5.50209999212047e-31,-0.958687760703438,0.732,0.826,1.33183832409268e-26,C,IER2
GAPDH,8.31713492795083e-31,0.254608089860168,1,1,2.01324568065978e-26,C,GAPDH
PCDH9.2,9.93336187212331e-31,-0.425340198732397,0.017,0.211,2.40446957476617e-26,C,PCDH9
INPP4B.2,1.8302361892138e-17,0.336408103249185,0.518,0.293,2.86362697196108e-26,C,INPP4B
SERPING1,1.59699635661329e-30,-0.363685377017488,0.492,0.674,3.86568938081813e-26,C,SERPING1
MRPL18.2,1.96752718278502e-30,0.307566420161628,0.796,0.587,4.76259629864941e-26,C,MRPL18
DAZAP2,2.25088624494828e-30,-0.314275417727762,0.966,0.975,5.44849524452181e-26,C,DAZAP2
BHLHE40,3.52879937689004e-30,-0.414803350599612,56,0.368,8.54181177170003e-26,C,BHLHE40
SRSF11,4.5122243297633e-30,0.310985220891196,0.953,0.87,1.0922290212625e-25,C,SRSF11
ANPEP,4.69988036468e-43,0.316284613548965,0.419,89,1.3765304107444e-25,C,ANPEP
PDE4B.3,6.65765633576454e-30,-0.393115195921183,34,0.348,1.61155229263516e-25,C,PDE4B
TMEM98,6.89985149116699e-30,-0.270185534266426,0.03,0.224,1.67017805195188e-25,C,TMEM98
RPS19BP1,6.95840672347455e-30,0.309803994722502,0.769,0.575,1.68435193148425e-25,C,RPS19BP1
DDOST,8.01256328431277e-30,0.278866951951399,0.941,0.863,1.93952106860075e-25,C,DDOST
DCTPP1,8.09477406188342e-30,0.345147919865175,0.821,0.627,1.9594210094195e-25,C,DCTPP1
PSMB8,1.25138944074402e-29,0.303585324965942,0.95,0.86,3.02911328026498e-25,C,PSMB8
COX6A1,1.52237787162736e-29,0.285756398810061,0.99,0.948,3.68506787606119e-25,C,COX6A1
ATP5F1B,1.82747716015916e-29,0.2731102928579,0.992,0.982,4.42359121388125e-25,C,ATP5F1B
CCDC124,1.88116226571198e-29,0.286969701359263,0.759,0.541,4.55354138038242e-25,C,CCDC124
CRYGD.3,2.43502910909392e-29,0.314322296818871,0.648,0.399,5.89423146147274e-25,C,CRYGD
APRT,2.46229000139898e-29,0.338673145728074,0.988,0.964,5.96021917738637e-25,C,APRT
PBX1,2.48943988525012e-29,-0.290183408372534,0.04,0.237,6.02593818623643e-25,C,PBX1
WASHC1,2.58073000585866e-29,0.444045254636934,0.941,0.836,6.24691505218147e-25,C,WASHC1
CNN2,3.3078200586534e-29,0.326532075596563,0.958,0.849,8.00690923397642e-25,C,CNN2
WDR18,3.92932965347408e-29,0.302444058132159,0.71,0.511,9.51133535919936e-25,C,WDR18
AP000547.3,4.41839770319264e-29,-0.251383030259704,0.025,0.215,1.06951734803481e-24,C,AP000547
GMNN.2,5.7591625545626e-16,0.339161418393682,0.444,0.249,1.25288228879574e-24,C,GMNN
AUP1,5.50408264346432e-29,0.312003769458135,0.921,0.815,1.33231824467697e-24,C,AUP1
JUN.2,7.2119061860019e-29,-1.0396886708006,0.879,0.922,1.74571401138362e-24,C,JUN
RPS26.2,9.09499704129335e-29,-13627364923886.0,0.993,0.998,2.20153498381547e-24,C,RPS26
SDHD,9.41086780623121e-29,0.258285383575682,0.613,0.386,2.27799466117633e-24,C,SDHD
MYL12B,9.42566909366762e-29,0.252837410913801,0.997,0.987,2.28157746081318e-24,C,MYL12B
SLC25A5,1.42623353293955e-28,0.31899545034516,0.995,0.985,3.45234088983348e-24,C,SLC25A5
CLU.2,2.05640507572917e-28,-0.518958234783002,0.265,0.456,4.97773412631004e-24,C,CLU
KLF2.2,3.725414418339e-16,-0.580290538583068,0.097,0.294,7.67945381410314e-24,C,KLF2
BSG,5.3273975167768e-15,0.291908018212653,0.933,0.876,1.2424309842911e-23,C,BSG
CACYBP,7.75190277051083e-28,0.315774415957297,0.879,0.743,1.87642558462985e-23,C,CACYBP
HM13,1.05313361820826e-27,0.282129513842628,0.903,0.784,2.54921523623492e-23,C,HM13
HLA-B,1.07586799105975e-27,0.299281999549094,1,0.999,2.60424605915923e-23,C,HLA-B
APLP2.3,1.0982017557692e-14,-0.42749903312532,0.598,0.717,2.6864307170015e-23,C,APLP2
CLTA,1.542402249498e-15,0.276188676152832,0.977,0.914,2.7939538885135e-23,C,CLTA
MZB1,1.34091907858514e-27,0.374976842974065,0.752,0.5,3.24582872162318e-23,C,MZB1
PSMB2,2.7747300763585e-14,0.306842758472711,0.883,0.753,5.27079116228335e-23,C,PSMB2
MRPL27,2.42992434079924e-27,0.283463301570758,0.68,0.473,5.88187485933864e-23,C,MRPL27
FES,3.0265145925105e-14,0.299091619076715,0.754,0.53,7.51027812226309e-23,C,FES
TPM4,3.4323176430817e-14,-0.453794329397804,0.749,0.824,7.60850680868435e-23,C,TPM4
CDC37,3.22284830769988e-27,0.254507071667498,0.983,0.908,7.80122661361832e-23,C,CDC37
NRROS.2,3.24291196785467e-27,0.302720905484385,0.747,0.518,7.84979270938901e-23,C,NRROS
PSMD8,4.05004456244345e-27,0.294425034174912,0.925,0.824,9.80353786785062e-23,C,PSMD8
MRPL20,4.9111432996979e-14,0.285407529365197,0.849,0.688,1.01450113471249e-22,C,MRPL20
ECHS1,4.21155620223789e-27,0.289086177533572,0.844,0.679,1.0194492943137e-22,C,ECHS1
STK17B.2,5.61721332094307e-27,-0.433257605531593,0.432,0.589,1.35970265646748e-22,C,STK17B
PTP4A1,5.83543509389413e-27,-0.361551119993972,0.481,0.655,1.41252541882801e-22,C,PTP4A1
DCPS,6.43944009932755e-27,0.253080616037911,0.554,0.335,1.55873087044323e-22,C,DCPS
MDM2.2,6.86974333808974e-27,0.529546259975251,0.382,99,1.662890072418e-22,C,MDM2
FCGRT,8.4833430162302e-14,-0.301819283761419,32,0.335,1.97238580105087e-22,C,FCGRT
ANGPT1.2,1.6975655087135e-13,0.456133977898132,0.742,0.532,2.83151270703919e-22,C,ANGPT1
LRPAP1.2,1.2726293174001e-26,0.302298091166813,0.779,0.605,3.08052652569867e-22,C,LRPAP1
ASF1B.3,1.29170572093564e-39,0.326725092548927,0.323,27,3.2670286809681e-22,C,ASF1B
RHOH.3,1.41091018639243e-26,-0.525815571444994,0.566,0.663,3.41524919718152e-22,C,RHOH
SOX4.3,1.61371699482576e-26,-0.580291281611554,0.841,0.868,3.90616335767522e-22,C,SOX4
LSM7,2.06324508817267e-26,-0.280735643189353,0.985,0.982,4.99429106043076e-22,C,LSM7
LEPROT,2.5392892308952e-13,-0.376826440011596,0.549,0.683,5.21380035123048e-22,C,LEPROT
SNRPC,2.69032961529509e-26,0.286893524170913,0.93,0.858,6.5122118667833e-22,C,SNRPC
MRPS25,3.31075468452834e-26,0.279147597889289,0.754,0.546,8.0140127893693e-22,C,MRPS25
ATF7IP2,3.43238607460766e-26,-0.398377436621797,0.456,0.625,8.3084337321953e-22,C,ATF7IP2
MAPK1IP1L,3.46680846428703e-26,-0.343931523599781,0.71,0.802,8.39175656865317e-22,C,MAPK1IP1L
BTG2.2,3.69666936542978e-26,-0.839749949678893,0.415,0.581,8.94815786595931e-22,C,BTG2
TMSB4X,3.89236884662728e-26,-0.316429376415684,0.998,0.999,9.421868030146e-22,C,TMSB4X
RPUSD3,6.65086796371214e-26,0.262435062967768,0.717,0.512,1.60990909929616e-21,C,RPUSD3
PNISR,6.80091000529065e-26,-0.295044757477225,0.985,0.989,1.64622827588065e-21,C,PNISR
RAD23A,7.54720289394864e-26,0.310832130686136,0.874,0.77,1.82687593250921e-21,C,RAD23A
BANF1,8.45639334773685e-26,0.258568949192691,0.966,0.911,2.04695457375318e-21,C,BANF1
SLC29A1,9.51509763369951e-26,0.273824991539155,0.576,0.355,2.3032245332133e-21,C,SLC29A1
ZNF385A.2,9.65130596713351e-26,0.386406198221419,0.407,0.221,2.33619512240434e-21,C,ZNF385A
AURKAIP1,1.04285588364152e-25,0.293350122766389,0.791,0.649,2.52433695194266e-21,C,AURKAIP1
KLF6.2,1.1838071159824e-12,-1.22133472221968,0.894,0.895,2.70715235049469e-21,C,KLF6
RPN1,1.5240691837401e-12,0.274229732720478,0.92,0.82,2.78951618661612e-21,C,RPN1
C1QBP,1.22394519605857e-25,-0.384765823064344,0.675,0.731,2.96268174157937e-21,C,C1QBP
SNRPB,1.5118507067986e-25,0.347384805712137,0.905,0.825,3.65958582087668e-21,C,SNRPB
PER1,1.92070855018139e-25,-0.352418919059911,0.265,0.444,4.64926711656907e-21,C,PER1
SP100,2.58928096898415e-25,0.287816050103888,0.801,0.603,6.26761351352304e-21,C,SP100
VSIR.2,2.62862248861657e-25,0.382123089828883,0.804,0.611,6.36284359594526e-21,C,VSIR
PSMB5.2,4.05857327514151e-25,0.277516198429575,0.822,0.67,9.82418246980754e-21,C,PSMB5
FAH,5.08493959982897e-25,0.284083032019585,0.727,0.514,1.2308604795346e-20,C,FAH
ICAM2,5.58239035656589e-25,0.307894648837428,0.831,0.664,1.35127340971034e-20,C,ICAM2
TNFAIP3,5.76649985289506e-25,-0.470277105818565,94,0.383,1.39583895439178e-20,C,TNFAIP3
FHL1.2,5.95976837115332e-25,-0.535510815299943,0.347,0.519,1.44262153192137e-20,C,FHL1
SHMT2,7.2726354094411e-25,0.362430929074429,0.812,0.664,1.76041412720931e-20,C,SHMT2
NDFIP1.2,7.51285487921228e-25,-0.352596076960165,0.444,0.576,1.81856165206212e-20,C,NDFIP1
SRA1,1.4490251723071e-11,0.40613124812724,0.533,0.345,2.77135103320865e-20,C,SRA1
PSMB3,1.35284714241775e-24,0.266577686008577,0.913,0.809,3.27470179293641e-20,C,PSMB3
NAPA,1.77302155064052e-24,0.294431073291969,0.779,0.615,4.29177596548044e-20,C,NAPA
NDUFAF3,1.98253831413343e-24,0.268523120582091,0.889,0.778,4.79893224319139e-20,C,NDUFAF3
PMVK,2.21414563833906e-24,0.274503796444858,0.692,0.492,5.35956093216353e-20,C,PMVK
PNKD,2.3355161132739e-24,0.262806126024035,0.851,0.7,5.6533503037908e-20,C,PNKD
CIB1,2.79854437412047e-24,0.2588449693977,0.792,0.601,6.77415651199601e-20,C,CIB1
CD63.2,3.06323845058745e-24,0.277310894760227,0.918,0.794,7.41487499349198e-20,C,CD63
IAH1,3.44919558137262e-24,0.263011830510583,0.767,0.563,8.34912282427057e-20,C,IAH1
SUCLG1,3.38662495008341e-37,0.344479701946591,0.864,0.672,8.9766435417189e-20,C,SUCLG1
BNIP3L,3.99929623985167e-24,-0.34164896925483,0.704,0.792,9.68069647818495e-20,C,BNIP3L
MT-ND6.3,5.0415310298062e-11,-0.36897733557544,0.839,0.909,1.23551130010749e-19,C,MT-ND6
RUVBL2,5.41669200857465e-24,0.281859520959475,0.841,0.687,1.31116446759558e-19,C,RUVBL2
GATA2.3,6.01691019081316e-24,-0.587220667370928,0.456,0.586,1.45645328078823e-19,C,GATA2
RFC2,7.852636592806e-12,0.36800561124291,0.554,0.388,1.73926492136546e-19,C,RFC2
PRR13.2,8.08498046675919e-24,0.260635204052877,0.978,0.942,1.95705037178373e-19,C,PRR13
SNRPA,9.81656855300567e-24,0.301230596022095,0.915,0.864,2.37619858394055e-19,C,SNRPA
MAP1LC3B,1.44089048521546e-23,-0.318125211571691,0.4,0.551,3.48781950851255e-19,C,MAP1LC3B
COX6B1.2,1.51295004862663e-23,-0.268570628031854,0.98,0.988,3.66224688770561e-19,C,COX6B1
NUSAP1.2,1.5972446706927e-23,0.268870664321873,0.322,64,3.86629044987875e-19,C,NUSAP1
MRPS34,1.31739373765386e-36,0.3576811866802,0.859,0.66,3.8888328136493e-19,C,MRPS34
RPL23.3,1.64575618513014e-23,-0.267556643375775,0.98,0.987,3.98371742172601e-19,C,RPL23
NHP2,2.08978870669423e-23,0.263594848432189,0.97,0.917,5.05854254342406e-19,C,NHP2
PLK2.2,2.2560847033415e-23,0.296812909454842,0.312,53,5.46107863290843e-19,C,PLK2
GPAT3,2.55691861778674e-36,0.312916827178203,0.461,0.233,6.8927720621459e-19,C,GPAT3
AP2S1,3.09498227323622e-23,0.271570280058804,0.879,0.788,7.49171409059559e-19,C,AP2S1
SMIM26.2,3.99205266498717e-23,-0.298581633980342,0.787,0.845,9.66316268086794e-19,C,SMIM26
YIF1B,7.00300562883051e-23,0.256033208288822,0.704,0.505,1.69514754251471e-18,C,YIF1B
SPI1.2,8.00393397606329e-23,0.284647002435765,0.767,0.583,1.93743225824588e-18,C,SPI1
CYC1,8.0624081360255e-10,-0.300926840789081,0.258,0.418,1.96219665134063e-18,C,CYC1
MRPS7,8.47625923560894e-23,0.259529815898962,0.754,0.567,2.0517633105715e-18,C,MRPS7
PSMB6,9.27598560168861e-23,0.259010888407327,0.908,0.832,2.24534507474475e-18,C,PSMB6
POLD2,1.37488087816798e-22,0.267579450771179,0.802,0.663,3.32803665369341e-18,C,POLD2
PIK3R1.3,1.44854975960601e-22,-0.388663197545919,0.501,0.609,3.50635954810232e-18,C,PIK3R1
TSPO,1.48701796145574e-22,0.274674131212126,0.96,0.92,3.59947567749977e-18,C,TSPO
NME2,1.48748218193611e-22,-0.310279353236456,0.898,0.912,3.60059936959454e-18,C,NME2
MGMT,1.62957381897624e-22,0.268483381158076,0.786,0.603,3.94454638621388e-18,C,MGMT
ATP6V0B,1.80691630425709e-22,0.276948845191485,0.941,0.846,4.37382160608472e-18,C,ATP6V0B
SAE1,2.47971491354173e-22,0.262531899667112,0.605,0.42,6.00239791971911e-18,C,SAE1
HSPB11,2.4909201203167e-22,0.279503731027981,0.742,0.564,6.02952124323861e-18,C,HSPB11
CDCA7,3.08093602106469e-22,0.333402919918236,0.759,0.577,7.45771373258919e-18,C,CDCA7
DDT.2,3.08827764374061e-22,0.252646385581972,0.923,0.798,7.47548486443851e-18,C,DDT
CNPY3,3.92679540488866e-22,0.297828950221312,0.916,0.789,9.50520095707349e-18,C,CNPY3
ZDHHC24,7.00070110277352e-22,-0.275686121021437,0.219,0.387,1.69458970893736e-17,C,ZDHHC24
LIMD2,7.4391924942468e-09,0.268794465874824,0.97,0.932,1.72925709351574e-17,C,LIMD2
XIST.2,8.47020598108568e-22,0.29767959125884,0.313,65,2.0502980597816e-17,C,XIST
SERPINB1,8.48627132766718e-22,0.334892794924983,1,0.998,2.05418683757512e-17,C,SERPINB1
SYTL1,8.8355600835874e-35,0.380887429002466,0.832,0.619,2.3873567383317e-17,C,SYTL1
SELENOP.3,1.06638672833163e-21,-0.268048910662401,0.064,0.227,2.58129571459954e-17,C,SELENOP
CSDE1,1.1647651637344e-08,-0.267387260448526,0.935,0.965,2.70254305553356e-17,C,CSDE1
ZWINT.2,1.42390647404261e-21,0.305429153014508,0.35,98,3.44670801106754e-17,C,ZWINT
MDH1,1.63361053275474e-21,0.260861667977663,0.894,0.777,3.95431765558613e-17,C,MDH1
COX8A,2.49814937805053e-21,0.301659998326704,0.95,0.891,6.04702038450912e-17,C,COX8A
MED12L,2.6468980011301e-21,-0.27638450049863,59,0.323,6.40708130153551e-17,C,MED12L
SLC1A5.2,4.05004631351943e-21,0.285372060784389,0.558,0.364,9.80354210650513e-17,C,SLC1A5
DDX3Y,4.0860152191065e-21,-0.312246685694166,0.255,0.439,9.8906084393692e-17,C,DDX3Y
NIFK,4.2958350535225e-21,0.275072160740364,0.809,0.661,1.03984983305566e-16,C,NIFK
RCN1,6.03986774442751e-21,-0.296473827911205,0.363,0.505,1.46201038621612e-16,C,RCN1
DTYMK.2,6.8326222343599e-08,0.266261588247423,0.484,0.309,1.49672045380492e-16,C,DTYMK
C6orf48,9.9828602360578e-21,-0.273866154589434,0.64,0.745,2.41645114874015e-16,C,C6orf48
IDH2,1.05562283019021e-20,0.309184160571622,0.856,0.75,2.55524062275843e-16,C,IDH2
FIBP,1.42929930193151e-20,0.251084604586812,0.836,0.706,3.45976189025542e-16,C,FIBP
TRIAP1,1.67520962598698e-20,0.46948380519305,0.673,0.5,4.05501242066409e-16,C,TRIAP1
METTL26,1.6792294510046e-20,0.260016156019604,0.923,0.8,4.06474280910173e-16,C,METTL26
BRCA2,2.06631774278499e-20,0.262900633526518,0.286,51,5.00172872818536e-16,C,BRCA2
METTL7A,2.2560775868466e-20,0.259368912385222,0.464,0.235,5.4524614067208e-16,C,METTL7A
OSGEP,2.31376862610603e-20,0.25066631449882,0.724,0.543,5.60070833635226e-16,C,OSGEP
NUDC,2.32598844513662e-20,0.26319138030661,0.858,0.728,5.63028763029769e-16,C,NUDC
AC243960.2,2.60095363419846e-20,0.268971311064453,0.509,0.312,6.29586836694079e-16,C,AC243960
CDK4,3.02978781791914e-20,0.298546715401701,0.866,0.799,7.33390439205507e-16,C,CDK4
KIF22.2,3.05337411913869e-20,0.255698130463282,0.563,0.386,7.39099739278712e-16,C,KIF22
RAB13,3.08142073331615e-20,-0.299012417098795,0.596,0.697,7.45888702706508e-16,C,RAB13
SLC2A3,3.66393759972259e-20,-0.30694747402709,7,0.27,8.8689273538885e-16,C,SLC2A3
GINS2,3.66812939441151e-20,0.270547272191078,0.42,0.257,8.8790740121125e-16,C,GINS2
RASGRP2,4.8404458415438e-07,0.279452884864303,0.747,0.564,1.01278983204041e-15,C,RASGRP2
FKBP4.3,5.90970108450786e-20,-0.358630023228739,0.412,0.537,1.43050224451597e-15,C,FKBP4
NBPF14.3,6.200784560968e-20,-0.313409699648183,0.389,0.543,1.50096191082791e-15,C,NBPF14
TSPAN3,6.6801587090551e-20,-0.288394359972481,0.637,0.725,1.61699921711388e-15,C,TSPAN3
BCL11A.2,9.74385229136834e-20,-0.33209956418606,0.447,0.569,2.35859688564862e-15,C,BCL11A
JAGN1,1.4965325597467e-06,0.256288420272651,0.767,0.594,2.78285067141229e-15,C,JAGN1
ARL6IP5.2,1.48410934007298e-19,0.372895883534287,0.96,0.875,3.59243506858065e-15,C,ARL6IP5
RBM25,1.30946534302408e-32,0.346560012392364,0.933,0.802,3.6969180932408e-15,C,RBM25
NDUFS7,1.54374431725947e-19,0.251445633135753,0.819,0.695,3.73678749435828e-15,C,NDUFS7
COQ10B,2.02677851480136e-19,-0.260514612483571,0.268,0.427,4.90602007292818e-15,C,COQ10B
MYCT1,2.04596205423484e-19,-0.322880421511531,68,0.323,4.95245574848085e-15,C,MYCT1
ATP5MC1,2.70837873209246e-19,0.292303978942753,0.911,0.807,6.555901558903e-15,C,ATP5MC1
EIF4B.3,4.65489417289142e-31,-0.35119851264155,0.878,0.956,1.267636834901e-14,C,EIF4B
CKS1B.2,5.98605380958112e-19,0.353799176398215,0.508,0.366,1.44898418514721e-14,C,CKS1B
TMEM11,4.95683081196629e-32,0.28272018414097,0.647,0.405,1.9985046634456e-14,C,TMEM11
RPL22L1,8.58494994218447e-19,0.301628619909715,0.995,0.975,2.07807298300517e-14,C,RPL22L1
CLSPN.2,8.78499879560932e-32,0.307865289218163,0.36,7,2.2649680846519e-14,C,CLSPN
SLC39A8,9.74226222685682e-19,-0.301019656923567,0.432,0.552,2.35821199463296e-14,C,SLC39A8
SIVA1,1.20824032845849e-18,0.397160697356979,0.814,0.723,2.92466653906662e-14,C,SIVA1
REC8,2.06253264564105e-18,-0.307355955942036,0.434,0.555,4.99256652203873e-14,C,REC8
CNTRL,2.07701404479771e-18,0.253846886035001,0.729,0.558,5.02762019683733e-14,C,CNTRL
STMN1.2,2.07855880769726e-18,0.38379313306613,0.99,0.974,5.03135944991199e-14,C,STMN1
ACAP2,3.31000036469852e-18,-0.25806327638147,0.35,0.498,8.01218688278924e-14,C,ACAP2
FDPS,5.0736384188604e-18,0.283395714751169,0.757,0.625,1.22812491566935e-13,C,FDPS
PGAM1,5.07978170842587e-18,0.255670325708487,0.868,0.737,1.22961196034157e-13,C,PGAM1
DHFR.3,6.30013912365823e-18,0.306205302463001,0.385,0.238,1.52501167627271e-13,C,DHFR
EIF4A2.2,6.76194715673051e-18,-0.301338493169807,0.941,0.95,1.63679692875819e-13,C,EIF4A2
LCP1,8.36585401769671e-18,0.252672726581039,0.95,0.86,2.02503862352367e-13,C,LCP1
PPP1R15A.2,9.67940429697206e-18,-0.473076469407395,0.829,0.918,2.34299660412506e-13,C,PPP1R15A
HLA-DQA2,1.05193564165631e-17,0.265749308412431,0.647,0.463,2.54631541419326e-13,C,HLA-DQA2
NRIP1,0.00015035983346291,-0.303417049161818,0.385,0.527,2.78456101288033e-13,C,NRIP1
GSTM2,1.910709732457e-05,-0.257867398539393,0.305,0.44,2.88310639783853e-13,C,GSTM2
HMG20B,1.20847246639315e-17,-0.264212468159389,0.337,0.475,2.92522845215125e-13,C,HMG20B
HLA-DRB1.2,1.22972620094611e-17,0.283371059393311,0.995,0.982,2.97667524201016e-13,C,HLA-DRB1
DDAH2,1.46778261219934e-17,-0.271314514415331,0.824,0.889,3.55291459108973e-13,C,DDAH2
C19orf48,1.54625582637962e-17,0.309729511281681,0.839,0.728,3.74286685333451e-13,C,C19orf48
FABP5,1.56682332150978e-17,0.267795085115489,0.901,0.762,3.79265253204658e-13,C,FABP5
THOC3,1.63339197633875e-17,0.257078607638968,0.68,0.529,3.95378861792559e-13,C,THOC3
ATP8B4.2,1.83043286264371e-17,-0.305190068304284,0.519,0.626,4.43074578731537e-13,C,ATP8B4
PHLDB2.2,1.8963890917297e-17,-0.281957482740187,0.037,65,4.59039943544092e-13,C,PHLDB2
FEN1.3,1.91618937961978e-17,0.303599418916549,0.442,0.295,4.63832801230764e-13,C,FEN1
MND1,2.5541594521694e-30,0.277478774035799,0.302,37,6.8259836992126e-13,C,MND1
H1FX.2,6.03422727142004e-17,-0.51040117014204,79,0.317,1.46064505331993e-12,C,H1FX
HCFC1R1,4.81423751085078e-30,0.293830511165879,0.735,0.505,1.6533433187654e-12,C,HCFC1R1
EMP3.3,2.04663837330199e-16,-0.347341471294086,0.697,0.756,4.95409284641479e-12,C,EMP3
C8orf59,2.77295122948509e-16,-0.251389171526941,0.878,0.887,6.71220574609161e-12,C,C8orf59
MSI2,4.97089500040741e-16,-0.257263129256871,0.719,0.805,1.20325484379862e-11,C,MSI2
TUBB.3,5.84466591966644e-16,0.601570756844085,0.987,0.979,1.41475983251446e-11,C,TUBB
SYF2,5.98784308571611e-16,-0.260914789408825,0.744,0.796,1.44941729732844e-11,C,SYF2
CTSW.2,6.43302320191917e-16,0.363581993552574,0.926,0.894,1.55717759625655e-11,C,CTSW
GLUL,7.6158072124754e-16,0.484687392589033,0.95,0.891,1.8434822938518e-11,C,GLUL
ANAPC11,9.43975359143988e-16,0.266870331934106,0.866,0.791,2.28498675434394e-11,C,ANAPC11
YBX1.2,1.03757119129323e-15,-0.37053425499681,0.928,0.931,2.5115448256444e-11,C,YBX1
RHOB.2,1.27216036594699e-15,-1.09009344412794,0.337,0.435,3.07939138181128e-11,C,RHOB
HSP90B1.2,1.6448987500812e-15,-0.356821338469296,0.93,0.944,3.98164191444655e-11,C,HSP90B1
ANXA11,1.82715217767192e-15,-0.250925816011363,0.519,0.617,4.42280456127266e-11,C,ANXA11
H2AFZ.2,0.028050737787075,0.647076840576758,0.938,0.932,5.27813615887395e-11,C,H2AFZ
CD300A,2.26356002693957e-15,0.262985542039802,0.585,0.42,5.47917340120993e-11,C,CD300A
C16orf54,0.037453411889975,-0.282907401404224,0.305,0.422,7.68427728820874e-11,C,C16orf54
AC245014.3.2,5.67381364862741e-15,-0.25987002467845,47,0.284,1.37340333178675e-10,C,AC245014.3
ISCA1,6.46014663626366e-15,-0.250885532743748,0.415,0.521,1.56374309477398e-10,C,ISCA1
SBDS,6.79083823734378e-15,-0.275820535062328,0.531,0.614,1.64379030373143e-10,C,SBDS
EIF4A1,0.090941794216804,-0.265244924266767,0.668,0.725,2.2050257070812e-10,C,EIF4A1
AKR1C3,9.2663691109727e-15,0.327675588685102,0.802,0.667,2.24301730700205e-10,C,AKR1C3
VPS37B,0.14714357048582,-0.26592575390364,0.462,0.572,2.77677572671797e-10,C,VPS37B
FLI1,1.25363448545942e-14,-0.262636963392931,0.6,0.667,3.03454763550308e-10,C,FLI1
MYC.3,1.31423654774645e-27,0.83029457752325,0.67,0.513,3.8124098747505e-10,C,MYC
DNMT1,1.67283370592644e-14,0.331995064082706,0.663,0.539,4.04926126856555e-10,C,DNMT1
LIG1.3,1.95400820657404e-14,0.309461517545222,0.405,0.289,4.72987226483311e-10,C,LIG1
HLA-E,0.27709950527171,-0.335869377486619,0.982,0.983,5.26988706246071e-10,C,HLA-E
FAM53C.2,2.27077718463241e-14,-0.269426503889248,0.332,0.449,5.49664325312121e-10,C,FAM53C
DUT.3,3.39147678269902e-14,0.359128558998626,0.948,0.916,8.20940870020124e-10,C,DUT
NEAT1.2,3.49120234841869e-14,-0.36706007598192,0.888,0.897,8.45080440458227e-10,C,NEAT1
EIF3A,2.37184832617901e-13,0.259593295611314,0.891,0.808,5.74129605834891e-09,C,EIF3A
MCM7,2.58978041198464e-13,0.464730606873192,0.667,0.568,6.26882246525001e-09,C,MCM7
NUCKS1,3.26328264053409e-13,0.284321097343412,0.905,0.85,7.89910195967682e-09,C,NUCKS1
RPL36A.3,3.26573850471541e-13,-0.423326261938472,0.987,0.968,7.90504662451412e-09,C,RPL36A
MTRNR2L12.3,3.28375029870602e-13,0.310926733997475,0.997,0.996,7.94864597304779e-09,C,MTRNR2L12
XBP1.3,3.60778244250903e-13,-0.653726091979585,0.824,0.816,8.73299818033737e-09,C,XBP1
MCM5,5.93621357494889e-13,0.333494597350274,0.637,0.527,1.43691985795213e-08,C,MCM5
JCHAIN,6.4498241543231,0.409918774314873,24,0.053,1.48745444347955e-08,C,JCHAIN
COX7C,9.00485551473837e-26,-0.25363353074886,0.992,0.995,2.7971532589757e-08,C,COX7C
HIF1A,1.21453394620616e-12,-0.261452884143192,0.618,0.674,2.93990087018663e-08,C,HIF1A
SMC1A,1.24926211247901e-12,0.335924371402453,0.559,0.445,3.02396386946669e-08,C,SMC1A
GYPC.3,1.45465151905237e-12,-0.381862973806154,0.921,0.964,3.52112946701818e-08,C,GYPC
EXOSC5,2.3703541713267e-12,0.278949565775878,0.754,0.531,5.7290793071135e-08,C,EXOSC5
ZBTB20,2.691408733666e-12,-0.306213350047109,0.474,0.56,6.51482398071193e-08,C,ZBTB20
EIF3I,4.60120830030425e-25,0.257090555422216,0.968,0.913,1.1376848117165e-07,C,EIF3I
HMGB1,6.27907729651491e-12,0.288087223138653,1,0.999,1.5199134503944e-07,C,HMGB1
IQGAP2.3,1.039757524067e-11,-0.250798585855053,0.583,0.664,2.51683706275659e-07,C,IQGAP2
USP1,1.0546107688466e-11,0.26427898820094,0.6,0.492,2.55279082707008e-07,C,USP1
AC087239.2,1.20602829674638e-11,-0.261186574289092,79,0.288,2.91931209510429e-07,C,AC087239
LDLR.2,1.22184485276662e-11,-0.264306137946117,76,0.284,2.95759765060689e-07,C,LDLR
HLA-DRB5.3,1.46966347974427e-11,-0.281046552344857,0.956,0.969,3.55746741906897e-07,C,HLA-DRB5
HLA-DQA1.2,1.30895105823657e-24,0.303915371772286,0.799,0.601,3.6844693156745e-07,C,HLA-DQA1
AEN,1.65428277353944e-11,0.262207550798671,0.268,61,4.00435688162958e-07,C,AEN
CENPU.2,1.75261693202544e-11,0.302099310370591,0.479,0.371,4.24238454566078e-07,C,CENPU
UQCRB.2,2.0698047081863e-11,-0.27166948785335,0.987,0.989,5.0015692766359e-07,C,UQCRB
IL3RA,2.2305721263944e-11,0.271707045026378,0.471,0.278,5.3907228891504e-07,C,IL3RA
CD83.2,2.24075882526355e-11,-0.323686449665132,0.211,0.31,5.42398081243294e-07,C,CD83
HEMGN.3,2.9892702103621e-11,-0.290355116004149,0.333,0.444,7.23582747120251e-07,C,HEMGN
RIPK2.2,352.62886165741,-0.278761566170388,0.531,0.592,7.63125342252794e-07,C,RIPK2
CAVIN2,371.87045712512,-0.285501662797514,0.353,0.459,7.67782962851707e-07,C,CAVIN2
PTGS1,3.63057742479767e-11,-0.286542040744863,0.216,0.31,8.78817571446523e-07,C,PTGS1
PBXIP1.2,6.32135440619115e-11,-0.286017445983232,0.523,0.595,1.53014704756263e-06,C,PBXIP1
RXFP1.3,8.41915984557124e-11,-0.423899524845529,69,0.267,2.03794183221897e-06,C,RXFP1
HIST1H1E,1.08013606733398e-10,-0.469607799000143,0.655,0.711,2.61457736458863e-06,C,HIST1H1E
RAMP1.2,1.31381523227379e-23,0.318803196687182,0.715,0.524,3.8022115124193e-06,C,RAMP1
GLIPR1,2.41134541457158e-10,0.833757229138269,0.71,0.637,5.83690271051196e-06,C,GLIPR1
CPA3,3.05956557052266e-10,-0.381795710786507,0.208,0.317,7.40598442000716e-06,C,CPA3
PPA1,4.57360853327835e-23,0.289718288788862,0.933,0.866,1.0708768156536e-05,C,PPA1
RPS4Y1,5.89152530496674e-09,-0.271346940628592,0.64,0.747,0.000142610261532025,C,RPS4Y1
ATF3.3,7.73864879277736e-09,-0.261656334677833,0.392,0.466,0.000187321732677969,C,ATF3
HSPA5.3,8.77752396138336e-22,-1.25978250602378,0.898,0.906,0.00022468745009246,C,HSPA5
MCM3.2,9.47949490583154e-09,0.252706262306325,0.603,0.512,0.000229460653690558,C,MCM3
HMGCS1.2,157084.11994964,-0.263793029340544,0.24,0.322,0.000280083782075011,C,HMGCS1
CALCOCO2,9.05407509840273e-22,0.271309892815757,0.781,0.622,0.00029162941831937,C,CALCOCO2
XPC,1.29356249707646e-21,0.292332836643608,0.441,0.261,0.00033119738042327,C,XPC
ZFP36L2.2,6.69328462533064e-08,-0.315538733967399,0.836,0.83,0.00162017647640753,C,ZFP36L2
PTGS2.2,8.78805071245292e-08,-0.289249301914945,21,99,0.00212723555545635,C,PTGS2
HIST1H1D,1.02524208322482e-07,-0.250457349206633,0.405,0.472,0.002481700986654,C,HIST1H1D
GAS2.2,1.65908518127122e-07,-0.770381025771507,0.236,0.297,0.00401598158978512,C,GAS2
BLOC1S2,4.21153661752338e-07,0.295487099290524,0.534,0.438,0.0101944455363771,C,BLOC1S2
EGR1.3,4.92254886958286e-07,-0.364221664621137,0.224,0.3,0.0119155217937123,C,EGR1
DEPP1.3,8.363597994119e-07,-1.2388641159419,0.065,3,0.0202449253045645,C,DEPP1
AC002454.2,9.21152516712968e-07,-0.255793875829012,0.461,0.508,0.0222974178195541,C,AC002454
AL157895,9.52734123727466e-07,-0.311801179973253,91,0.265,0.023061882198947,C,AL157895
FCER1A.2,9.92587460859587e-07,-0.344843081693548,6,75,0.0240265720775672,C,FCER1A
TUBB4B.3,12895629.645315,0.268459715649868,0.71,0.668,0.027327516111945,C,TUBB4B
SDF2L1.3,1.4059872907511e-06,-0.275532727183086,0.3,0.361,0.034033328359921,C,SDF2L1
